<?xml version="1.0" encoding="ISO-8859-1" ?>

<upgrade>
    <name>Revive Adserver</name>
    <creationDate>2013-21-08</creationDate>
    <author>Andrew Hill</author>
    <authorEmail>revive@revive-adserver.com</authorEmail>
    <authorUrl>http://www.revive-adserver.com</authorUrl>
    <license>LICENSE.txt</license>
    <description>Revive Adserver Upgrade 3.0.0-rc1</description>
    <versionFrom></versionFrom>
    <versionTo>3.0.0-rc1</versionTo>

        <!-- No database package(s) -->

    <postscript>postscript_openads_upgrade_3.0.0-rc1.php</postscript>

</upgrade>